[{"id":1,"annotations":[{"id":1,"completed_by":1,"result":[{"original_width":1200,"original_height":800,"image_rotation":0,"value":{"x":66.55773420479304,"y":59.80392156862745,"width":14.379084967320253,"height":4.084967320261434,"rotation":0,"rectanglelabels":["aadhar_no"]},"id":"-G_fDBh8jD","from_name":"label","to_name":"image","type":"rectanglelabels","origin":"manual"},{"original_width":1200,"original_height":800,"image_rotation":0,"value":{"x":4.139433551198257,"y":78.92156862745098,"width":7.843137254901961,"height":2.614379084967325,"rotation":0,"rectanglelabels":["aadhar_no"]},"id":"tqc_evAY_H","from_name":"label","to_name":"image","type":"rectanglelabels","origin":"manual"},{"original_width":1200,"original_height":800,"image_rotation":0,"value":{"x":68.30065359477125,"y":84.80392156862744,"width":8.278867102396504,"height":2.4509803921568647,"rotation":0,"rectanglelabels":["aadhar_no"]},"id":"hx29i_wBcD","from_name":"label","to_name":"image","type":"rectanglelabels","origin":"manual"},{"original_width":1200,"original_height":800,"image_rotation":0,"value":{"x":1.9607843137254901,"y":59.47712418300654,"width":11.982570806100219,"height":3.1045751633986924,"rotation":0,"rectanglelabels":["aadhar_no"]},"id":"zVA09ij1cp","from_name":"label","to_name":"image","type":"rectanglelabels","origin":"manual"}],"was_cancelled":false,"ground_truth":false,"created_at":"2024-09-08T15:35:13.079533Z","updated_at":"2024-09-09T01:02:53.165794Z","draft_created_at":"2024-09-08T15:25:43.359567Z","lead_time":1250.5439999999999,"prediction":{},"result_count":0,"unique_id":"1de87f24-150c-4bc8-9840-b50e0b4a637c","import_id":null,"last_action":null,"task":1,"project":1,"updated_by":2,"parent_prediction":null,"parent_annotation":null,"last_created_by":null}],"file_upload":"aaae99a1-pjimage-75-3911572575.jpg","drafts":[],"predictions":[],"data":{"image":"\/data\/upload\/1\/aaae99a1-pjimage-75-3911572575.jpg"},"meta":{},"created_at":"2024-09-08T14:18:32.760571Z","updated_at":"2024-09-09T01:02:53.327662Z","inner_id":1,"total_annotations":1,"cancelled_annotations":0,"total_predictions":0,"comment_count":0,"unresolved_comment_count":0,"last_comment_updated_at":null,"project":1,"updated_by":2,"comment_authors":[]},{"id":2,"annotations":[{"id":2,"completed_by":1,"result":[{"original_width":678,"original_height":381,"image_rotation":0,"value":{"x":31.109538547677186,"y":71.70474516695958,"width":34.46739350202964,"height":11.950790861159916,"rotation":0,"rectanglelabels":["aadhar_no"]},"id":"xhlChBHtuq","from_name":"label","to_name":"image","type":"rectanglelabels","origin":"manual"},{"original_width":678,"original_height":381,"image_rotation":0,"value":{"x":31.702101186680558,"y":18.27768014059754,"width":17.776879170101253,"height":12.653778558875217,"rotation":0,"rectanglelabels":["aadhar_name"]},"id":"fuZAsrdy09","from_name":"label","to_name":"image","type":"rectanglelabels","origin":"manual"},{"original_width":678,"original_height":381,"image_rotation":0,"value":{"x":60.24386829867646,"y":35.325131810193334,"width":6.4194285892031955,"height":5.272407732864677,"rotation":0,"rectanglelabels":["aadhar_dob"]},"id":"KqB8-cycMR","from_name":"label","to_name":"image","type":"rectanglelabels","origin":"manual"}],"was_cancelled":false,"ground_truth":false,"created_at":"2024-09-08T15:36:14.250050Z","updated_at":"2024-09-09T01:02:47.082824Z","draft_created_at":"2024-09-08T15:35:29.811038Z","lead_time":146.76100000000002,"prediction":{},"result_count":0,"unique_id":"ca7fcd62-e09b-4ec1-a679-aec9ff2f4246","import_id":null,"last_action":null,"task":2,"project":1,"updated_by":2,"parent_prediction":null,"parent_annotation":null,"last_created_by":null}],"file_upload":"7f3a8e9e-Aadhar-Card-678x381-174137544.jpg","drafts":[],"predictions":[],"data":{"image":"\/data\/upload\/1\/7f3a8e9e-Aadhar-Card-678x381-174137544.jpg"},"meta":{},"created_at":"2024-09-08T14:18:32.760713Z","updated_at":"2024-09-09T01:02:47.247551Z","inner_id":2,"total_annotations":1,"cancelled_annotations":0,"total_predictions":0,"comment_count":0,"unresolved_comment_count":0,"last_comment_updated_at":null,"project":1,"updated_by":2,"comment_authors":[]},{"id":3,"annotations":[{"id":3,"completed_by":1,"result":[{"original_width":1280,"original_height":960,"image_rotation":0,"value":{"x":33.455882352941174,"y":58.66013071895425,"width":28.431372549019613,"height":8.333333333333329,"rotation":0,"rectanglelabels":["aadhar_no"]},"id":"TacKMDlKIS","from_name":"label","to_name":"image","type":"rectanglelabels","origin":"manual"},{"original_width":1280,"original_height":960,"image_rotation":0,"value":{"x":33.82352941176471,"y":28.921568627450977,"width":28.92156862745096,"height":10.294117647058822,"rotation":0,"rectanglelabels":["aadhar_name"]},"id":"GJsbf2lAgM","from_name":"label","to_name":"image","type":"rectanglelabels","origin":"manual"},{"original_width":1280,"original_height":960,"image_rotation":0,"value":{"x":63.35784313725493,"y":40.03267973856212,"width":7.107843137254899,"height":3.1045751633986916,"rotation":0,"rectanglelabels":["aadhar_dob"]},"id":"q6WSFGQp4l","from_name":"label","to_name":"image","type":"rectanglelabels","origin":"manual"}],"was_cancelled":false,"ground_truth":false,"created_at":"2024-09-08T15:41:15.062992Z","updated_at":"2024-09-09T01:02:41.914195Z","draft_created_at":"2024-09-08T15:39:45.075201Z","lead_time":806.905,"prediction":{},"result_count":0,"unique_id":"91503723-7f42-4993-a012-144591fc621a","import_id":null,"last_action":null,"task":3,"project":1,"updated_by":2,"parent_prediction":null,"parent_annotation":null,"last_created_by":null}],"file_upload":"f2c27285-ba412177cd0967005c8952dfe3b093a8-1437988514.jpg","drafts":[],"predictions":[],"data":{"image":"\/data\/upload\/1\/f2c27285-ba412177cd0967005c8952dfe3b093a8-1437988514.jpg"},"meta":{},"created_at":"2024-09-08T14:18:32.760792Z","updated_at":"2024-09-09T01:02:42.087634Z","inner_id":3,"total_annotations":1,"cancelled_annotations":0,"total_predictions":0,"comment_count":0,"unresolved_comment_count":0,"last_comment_updated_at":null,"project":1,"updated_by":2,"comment_authors":[]},{"id":4,"annotations":[{"id":4,"completed_by":1,"result":[{"original_width":1200,"original_height":538,"image_rotation":0,"value":{"x":16.787812041116005,"y":79.51541850220264,"width":5.628854625550659,"height":5.066079295154196,"rotation":0,"rectanglelabels":["aadhar_no"]},"id":"aoapgF4vxc","from_name":"label","to_name":"image","type":"rectanglelabels","origin":"manual"},{"original_width":1200,"original_height":538,"image_rotation":0,"value":{"x":65.66997063142436,"y":79.73568281938326,"width":5.628854625550673,"height":4.405286343612332,"rotation":0,"rectanglelabels":["aadhar_no"]},"id":"KaZCMSl_y2","from_name":"label","to_name":"image","type":"rectanglelabels","origin":"manual"},{"original_width":1200,"original_height":538,"image_rotation":0,"value":{"x":17.380323054331864,"y":21.365638766519822,"width":14.022760646108662,"height":14.757709251101318,"rotation":0,"rectanglelabels":["aadhar_name"]},"id":"nkYeKHO0Qy","from_name":"label","to_name":"image","type":"rectanglelabels","origin":"manual"},{"original_width":1200,"original_height":538,"image_rotation":0,"value":{"x":51.64720998531571,"y":24.008810572687224,"width":22.120411160058737,"height":43.392070484581495,"rotation":0,"rectanglelabels":["aadhar_address"]},"id":"InoQ4L7xSB","from_name":"label","to_name":"image","type":"rectanglelabels","origin":"manual"},{"original_width":1200,"original_height":538,"image_rotation":0,"value":{"x":75.2488986784141,"y":23.348017621145374,"width":22.515418502202635,"height":24.669603524229075,"rotation":0,"rectanglelabels":["aadhar_address"]},"id":"Xs_PX0E3yd","from_name":"label","to_name":"image","type":"rectanglelabels","origin":"manual"},{"original_width":1200,"original_height":538,"image_rotation":0,"value":{"x":32.09434654919237,"y":38.325991189427306,"width":11.158957415565343,"height":4.845814977973568,"rotation":0,"rectanglelabels":["aadhar_dob"]},"id":"TZVwZ9QPOG","from_name":"label","to_name":"image","type":"rectanglelabels","origin":"manual"}],"was_cancelled":false,"ground_truth":false,"created_at":"2024-09-08T15:44:26.420689Z","updated_at":"2024-09-09T01:02:35.835346Z","draft_created_at":"2024-09-08T15:43:20.771479Z","lead_time":212.14600000000002,"prediction":{},"result_count":0,"unique_id":"55a98493-775d-4f8c-9557-65e19f8a3200","import_id":null,"last_action":null,"task":4,"project":1,"updated_by":2,"parent_prediction":null,"parent_annotation":null,"last_created_by":null}],"file_upload":"5183d1e4-aadhaar-unique-identification-number-for-indian-citizen-3540948425.jpg","drafts":[],"predictions":[],"data":{"image":"\/data\/upload\/1\/5183d1e4-aadhaar-unique-identification-number-for-indian-citizen-3540948425.jpg"},"meta":{},"created_at":"2024-09-08T14:18:32.760866Z","updated_at":"2024-09-09T01:02:36.027375Z","inner_id":4,"total_annotations":1,"cancelled_annotations":0,"total_predictions":0,"comment_count":0,"unresolved_comment_count":0,"last_comment_updated_at":null,"project":1,"updated_by":2,"comment_authors":[]},{"id":5,"annotations":[{"id":5,"completed_by":1,"result":[{"original_width":4320,"original_height":2824,"image_rotation":0,"value":{"x":28.305797627693053,"y":71.73202614379085,"width":40.69625998547566,"height":8.169934640522882,"rotation":0,"rectanglelabels":["aadhar_no"]},"id":"RzC9Yq3Rn9","from_name":"label","to_name":"image","type":"rectanglelabels","origin":"manual"},{"original_width":4320,"original_height":2824,"image_rotation":0,"value":{"x":28.305797627693053,"y":20.915032679738562,"width":25.101367707576863,"height":14.379084967320264,"rotation":0,"rectanglelabels":["aadhar_name"]},"id":"HtydOWJ4wK","from_name":"label","to_name":"image","type":"rectanglelabels","origin":"manual"},{"original_width":4320,"original_height":2824,"image_rotation":0,"value":{"x":63.554526748971185,"y":36.43790849673202,"width":6.9429314935851,"height":3.9215686274509878,"rotation":0,"rectanglelabels":["aadhar_dob"]},"id":"cBXmGKFGeu","from_name":"label","to_name":"image","type":"rectanglelabels","origin":"manual"}],"was_cancelled":false,"ground_truth":false,"created_at":"2024-09-08T15:45:33.025825Z","updated_at":"2024-09-09T01:02:31.848307Z","draft_created_at":"2024-09-08T15:44:44.867515Z","lead_time":164.728,"prediction":{},"result_count":0,"unique_id":"1e879f9f-2fec-4665-aa17-822791ee0af4","import_id":null,"last_action":null,"task":5,"project":1,"updated_by":2,"parent_prediction":null,"parent_annotation":null,"last_created_by":null}],"file_upload":"17ccf078-aadhar_card_front-331024734.jpg","drafts":[],"predictions":[],"data":{"image":"\/data\/upload\/1\/17ccf078-aadhar_card_front-331024734.jpg"},"meta":{},"created_at":"2024-09-08T14:18:32.760948Z","updated_at":"2024-09-09T01:02:32.005948Z","inner_id":5,"total_annotations":1,"cancelled_annotations":0,"total_predictions":0,"comment_count":0,"unresolved_comment_count":0,"last_comment_updated_at":null,"project":1,"updated_by":2,"comment_authors":[]},{"id":6,"annotations":[{"id":6,"completed_by":1,"result":[{"original_width":768,"original_height":543,"image_rotation":0,"value":{"x":31.308083129084967,"y":75.16339869281046,"width":37.200010212418306,"height":6.699346405228752,"rotation":0,"rectanglelabels":["aadhar_no"]},"id":"6tmRHZRpgw","from_name":"label","to_name":"image","type":"rectanglelabels","origin":"manual"},{"original_width":768,"original_height":543,"image_rotation":0,"value":{"x":34.77392258986928,"y":83.00653594771242,"width":28.766467524509807,"height":2.941176470588232,"rotation":0,"rectanglelabels":["aadhar_no"]},"id":"jrunmwrgIh","from_name":"label","to_name":"image","type":"rectanglelabels","origin":"manual"},{"original_width":768,"original_height":543,"image_rotation":0,"value":{"x":5.198759191176471,"y":22.058823529411764,"width":48.75280841503268,"height":14.542483660130717,"rotation":0,"rectanglelabels":["aadhar_address"]},"id":"1-c2Zfzqjg","from_name":"label","to_name":"image","type":"rectanglelabels","origin":"manual"},{"original_width":768,"original_height":543,"image_rotation":0,"value":{"x":5.314287173202615,"y":38.39869281045752,"width":52.10311989379085,"height":18.627450980392155,"rotation":0,"rectanglelabels":["aadhar_name"]},"id":"lj6i2-zebo","from_name":"label","to_name":"image","type":"rectanglelabels","origin":"manual"}],"was_cancelled":false,"ground_truth":false,"created_at":"2024-09-08T15:46:40.140339Z","updated_at":"2024-09-09T01:02:26.198732Z","draft_created_at":"2024-09-08T15:45:54.650204Z","lead_time":72.244,"prediction":{},"result_count":0,"unique_id":"c52cd278-b5ad-4539-adef-aa11357e20bb","import_id":null,"last_action":null,"task":6,"project":1,"updated_by":2,"parent_prediction":null,"parent_annotation":null,"last_created_by":null}],"file_upload":"927611be-1685848426-1491572231.jpg","drafts":[],"predictions":[],"data":{"image":"\/data\/upload\/1\/927611be-1685848426-1491572231.jpg"},"meta":{},"created_at":"2024-09-08T14:18:32.761019Z","updated_at":"2024-09-09T01:02:26.344543Z","inner_id":6,"total_annotations":1,"cancelled_annotations":0,"total_predictions":0,"comment_count":0,"unresolved_comment_count":0,"last_comment_updated_at":null,"project":1,"updated_by":2,"comment_authors":[]},{"id":7,"annotations":[{"id":7,"completed_by":1,"result":[{"original_width":1059,"original_height":739,"image_rotation":0,"value":{"x":30.672511371561555,"y":71.40522875816998,"width":34.09323754682864,"height":5.392156862745031,"rotation":0,"rectanglelabels":["aadhar_no"]},"id":"x5_7lEvxjZ","from_name":"label","to_name":"image","type":"rectanglelabels","origin":"manual"},{"original_width":1059,"original_height":739,"image_rotation":0,"value":{"x":28.848124078085753,"y":24.673202614379086,"width":19.156066581495672,"height":8.660130718954242,"rotation":0,"rectanglelabels":["aadhar_name"]},"id":"zOyhlv7A1g","from_name":"label","to_name":"image","type":"rectanglelabels","origin":"manual"},{"original_width":1059,"original_height":739,"image_rotation":0,"value":{"x":51.0828442173218,"y":34.47712418300651,"width":10.946323760854701,"height":3.7581699346405184,"rotation":0,"rectanglelabels":["aadhar_dob"]},"id":"zQW-P6qVyp","from_name":"label","to_name":"image","type":"rectanglelabels","origin":"manual"}],"was_cancelled":false,"ground_truth":false,"created_at":"2024-09-08T15:48:58.683741Z","updated_at":"2024-09-09T01:02:14.197816Z","draft_created_at":"2024-09-08T15:48:16.196327Z","lead_time":195.785,"prediction":{},"result_count":0,"unique_id":"30a38c11-cf19-4788-91bc-7f628a93fbc1","import_id":null,"last_action":null,"task":7,"project":1,"updated_by":2,"parent_prediction":null,"parent_annotation":null,"last_created_by":null}],"file_upload":"cfb406cd-086d820550f34066764f4047ddc263ca-2918230343.jpg","drafts":[],"predictions":[],"data":{"image":"\/data\/upload\/1\/cfb406cd-086d820550f34066764f4047ddc263ca-2918230343.jpg"},"meta":{},"created_at":"2024-09-08T14:18:32.761087Z","updated_at":"2024-09-09T01:02:14.386486Z","inner_id":7,"total_annotations":1,"cancelled_annotations":0,"total_predictions":0,"comment_count":0,"unresolved_comment_count":0,"last_comment_updated_at":null,"project":1,"updated_by":2,"comment_authors":[]},{"id":8,"annotations":[{"id":8,"completed_by":1,"result":[{"original_width":768,"original_height":543,"image_rotation":0,"value":{"x":6.2385110294117645,"y":26.797385620915033,"width":42.052185457516345,"height":39.21568627450979,"rotation":0,"rectanglelabels":["aadhar_address"]},"id":"lUT72wEWZH","from_name":"label","to_name":"image","type":"rectanglelabels","origin":"manual"},{"original_width":768,"original_height":543,"image_rotation":0,"value":{"x":6.931678921568627,"y":71.73202614379085,"width":36.04473039215687,"height":7.189542483660134,"rotation":0,"rectanglelabels":["aadhar_no"]},"id":"vPel91YAUm","from_name":"label","to_name":"image","type":"rectanglelabels","origin":"manual"}],"was_cancelled":false,"ground_truth":false,"created_at":"2024-09-08T15:57:11.518750Z","updated_at":"2024-09-09T01:04:55.246529Z","draft_created_at":"2024-09-08T15:49:17.570747Z","lead_time":493.081,"prediction":{},"result_count":0,"unique_id":"6e7ad8b3-24ac-430b-bfef-f40810b00751","import_id":null,"last_action":null,"task":8,"project":1,"updated_by":2,"parent_prediction":null,"parent_annotation":null,"last_created_by":null}],"file_upload":"bad213a4-1697230416-3655248944.jpg","drafts":[],"predictions":[],"data":{"image":"\/data\/upload\/1\/bad213a4-1697230416-3655248944.jpg"},"meta":{},"created_at":"2024-09-08T14:18:32.761155Z","updated_at":"2024-09-09T01:04:55.385898Z","inner_id":8,"total_annotations":1,"cancelled_annotations":0,"total_predictions":0,"comment_count":0,"unresolved_comment_count":0,"last_comment_updated_at":null,"project":1,"updated_by":2,"comment_authors":[]},{"id":9,"annotations":[{"id":9,"completed_by":1,"result":[{"original_width":736,"original_height":552,"image_rotation":0,"value":{"x":4.779411764705882,"y":29.575163398692812,"width":39.09313725490196,"height":14.379084967320257,"rotation":0,"rectanglelabels":["aadhar_address"]},"id":"xBJWg4V5KC","from_name":"label","to_name":"image","type":"rectanglelabels","origin":"manual"},{"original_width":736,"original_height":552,"image_rotation":0,"value":{"x":46.568627450980394,"y":29.575163398692812,"width":42.034313725490186,"height":19.44444444444444,"rotation":0,"rectanglelabels":["aadhar_address"]},"id":"0wSoDf-jSy","from_name":"label","to_name":"image","type":"rectanglelabels","origin":"manual"}],"was_cancelled":false,"ground_truth":false,"created_at":"2024-09-08T15:57:52.493090Z","updated_at":"2024-09-08T15:57:52.493150Z","draft_created_at":"2024-09-08T15:57:43.655524Z","lead_time":35.691,"prediction":{},"result_count":0,"unique_id":"2c64b875-bc47-46f1-b9c2-4b9fb4b6bc05","import_id":null,"last_action":null,"task":9,"project":1,"updated_by":1,"parent_prediction":null,"parent_annotation":null,"last_created_by":null}],"file_upload":"3b860816-9657c12ef773db271f47eba53992a0be-3450511911.jpg","drafts":[{"id":34,"user":"concprog@rejuvenate.in","created_username":"concprog@rejuvenate.in, 2","created_ago":"3 minutes","result":[{"original_width":768,"original_height":543,"image_rotation":0,"value":{"x":6.2385110294117645,"y":26.797385620915033,"width":42.052185457516345,"height":39.21568627450979,"rotation":0,"rectanglelabels":["aadhar_address"]},"id":"lUT72wEWZH","from_name":"label","to_name":"image","type":"rectanglelabels","origin":"manual"},{"original_width":768,"original_height":543,"image_rotation":0,"value":{"x":6.931678921568627,"y":71.73202614379085,"width":36.04473039215687,"height":7.189542483660134,"rotation":0,"rectanglelabels":["aadhar_no"]},"id":"vPel91YAUm","from_name":"label","to_name":"image","type":"rectanglelabels","origin":"manual"}],"lead_time":524.359,"was_postponed":false,"import_id":null,"created_at":"2024-09-09T01:03:51.347761Z","updated_at":"2024-09-09T01:03:51.347791Z","task":9,"annotation":8}],"predictions":[],"data":{"image":"\/data\/upload\/1\/3b860816-9657c12ef773db271f47eba53992a0be-3450511911.jpg"},"meta":{},"created_at":"2024-09-08T14:18:32.761226Z","updated_at":"2024-09-08T15:57:52.595419Z","inner_id":9,"total_annotations":1,"cancelled_annotations":0,"total_predictions":0,"comment_count":0,"unresolved_comment_count":0,"last_comment_updated_at":null,"project":1,"updated_by":1,"comment_authors":[]},{"id":10,"annotations":[{"id":10,"completed_by":1,"result":[{"original_width":1280,"original_height":906,"image_rotation":0,"value":{"x":30.995710784313722,"y":65.52287581699346,"width":30.41743259803922,"height":5.22875816993465,"rotation":0,"rectanglelabels":["aadhar_no"]},"id":"8RMi32MZCF","from_name":"label","to_name":"image","type":"rectanglelabels","origin":"manual"},{"original_width":1280,"original_height":906,"image_rotation":0,"value":{"x":10.64031862745098,"y":30.22875816993464,"width":33.65579044117647,"height":13.071895424836601,"rotation":0,"rectanglelabels":["aadhar_address"]},"id":"VSHQRllFai","from_name":"label","to_name":"image","type":"rectanglelabels","origin":"manual"},{"original_width":1280,"original_height":906,"image_rotation":0,"value":{"x":48.11274509803922,"y":28.75816993464052,"width":33.771446078431374,"height":17.973856209150327,"rotation":0,"rectanglelabels":["aadhar_address"]},"id":"u5qCuNvGjT","from_name":"label","to_name":"image","type":"rectanglelabels","origin":"manual"}],"was_cancelled":false,"ground_truth":false,"created_at":"2024-09-08T15:58:23.898523Z","updated_at":"2024-09-08T16:06:29.170786Z","draft_created_at":"2024-09-08T15:58:11.417494Z","lead_time":510.568,"prediction":{},"result_count":0,"unique_id":"b27f5675-0272-4634-8b5a-dc02c23db0db","import_id":null,"last_action":null,"task":10,"project":1,"updated_by":1,"parent_prediction":null,"parent_annotation":null,"last_created_by":null}],"file_upload":"1cfcd252-6839_351641552201_WhatsAppImage2021-12-31at1.37.31PM-2711329532.jpeg","drafts":[],"predictions":[],"data":{"image":"\/data\/upload\/1\/1cfcd252-6839_351641552201_WhatsAppImage2021-12-31at1.37.31PM-2711329532.jpeg"},"meta":{},"created_at":"2024-09-08T14:18:32.761297Z","updated_at":"2024-09-08T16:06:29.327509Z","inner_id":10,"total_annotations":1,"cancelled_annotations":0,"total_predictions":0,"comment_count":0,"unresolved_comment_count":0,"last_comment_updated_at":null,"project":1,"updated_by":1,"comment_authors":[]},{"id":11,"annotations":[{"id":11,"completed_by":1,"result":[{"original_width":731,"original_height":509,"image_rotation":0,"value":{"x":31.669386110153113,"y":75.58579370218095,"width":34.587770356660634,"height":7.67973856209158,"rotation":353.7881779709917,"rectanglelabels":["aadhar_no"]},"id":"-_Jz8wRXVT","from_name":"label","to_name":"image","type":"rectanglelabels","origin":"manual"},{"original_width":731,"original_height":509,"image_rotation":0,"value":{"x":39.09502448890066,"y":82.83976013212707,"width":30.389333143747955,"height":5.718954248366018,"rotation":353.7881779709908,"rectanglelabels":["aadhar_no"]},"id":"vEGd-ywWHn","from_name":"label","to_name":"image","type":"rectanglelabels","origin":"manual"},{"original_width":731,"original_height":509,"image_rotation":0,"value":{"x":32.613489853258486,"y":21.820666692754962,"width":21.16225423137791,"height":3.104575163398697,"rotation":357.20729763428676,"rectanglelabels":["aadhar_name"]},"id":"AoT0pCfnHo","from_name":"label","to_name":"image","type":"rectanglelabels","origin":"manual"},{"original_width":731,"original_height":509,"image_rotation":0,"value":{"x":32.168801385442116,"y":27.616970017514003,"width":27.23933763716354,"height":3.8005267395589986,"rotation":355.1581198874951,"rectanglelabels":["aadhar_name"]},"id":"WH5hrE33TJ","from_name":"label","to_name":"image","type":"rectanglelabels","origin":"manual"},{"original_width":731,"original_height":509,"image_rotation":0,"value":{"x":32.70785425113519,"y":32.122587127777614,"width":30.833176863996865,"height":3.9215686274509927,"rotation":355.532840938611,"rectanglelabels":["aadhar_dob"]},"id":"RAcKHpfZm6","from_name":"label","to_name":"image","type":"rectanglelabels","origin":"manual"}],"was_cancelled":false,"ground_truth":false,"created_at":"2024-09-08T16:10:58.608742Z","updated_at":"2024-09-09T01:04:42.598596Z","draft_created_at":"2024-09-08T16:06:45.757245Z","lead_time":824.1510000000001,"prediction":{},"result_count":0,"unique_id":"c7a2e555-75a1-4f63-ac84-00e489ac9d9a","import_id":null,"last_action":null,"task":11,"project":1,"updated_by":2,"parent_prediction":null,"parent_annotation":null,"last_created_by":null}],"file_upload":"a5720ebb-sample_image2.png","drafts":[],"predictions":[],"data":{"image":"\/data\/upload\/1\/a5720ebb-sample_image2.png"},"meta":{},"created_at":"2024-09-08T14:18:32.761365Z","updated_at":"2024-09-09T01:04:42.776444Z","inner_id":11,"total_annotations":1,"cancelled_annotations":0,"total_predictions":0,"comment_count":0,"unresolved_comment_count":0,"last_comment_updated_at":null,"project":1,"updated_by":2,"comment_authors":[]},{"id":12,"annotations":[{"id":12,"completed_by":1,"result":[{"original_width":1024,"original_height":640,"image_rotation":0,"value":{"x":36.04983660130719,"y":63.56209150326797,"width":28.084150326797385,"height":5.228758169934643,"rotation":0,"rectanglelabels":["aadhar_no"]},"id":"5s11QM85Hp","from_name":"label","to_name":"image","type":"rectanglelabels","origin":"manual"},{"original_width":1024,"original_height":640,"image_rotation":0,"value":{"x":37.07107843137255,"y":26.797385620915033,"width":15.216503267973863,"height":8.169934640522872,"rotation":0,"rectanglelabels":["aadhar_name"]},"id":"mEC4s_Wnsp","from_name":"label","to_name":"image","type":"rectanglelabels","origin":"manual"},{"original_width":1024,"original_height":640,"image_rotation":0,"value":{"x":55.04493464052287,"y":36.11111111111104,"width":10.620915032679763,"height":4.084967320261436,"rotation":0,"rectanglelabels":["aadhar_dob"]},"id":"NOazJ5814C","from_name":"label","to_name":"image","type":"rectanglelabels","origin":"manual"}],"was_cancelled":false,"ground_truth":false,"created_at":"2024-09-08T16:12:23.666500Z","updated_at":"2024-09-09T01:04:37.587791Z","draft_created_at":"2024-09-08T16:11:36.315407Z","lead_time":68.355,"prediction":{},"result_count":0,"unique_id":"6febbdbb-6a23-4e12-a42a-41c3ba79a2dc","import_id":null,"last_action":null,"task":12,"project":1,"updated_by":2,"parent_prediction":null,"parent_annotation":null,"last_created_by":null}],"file_upload":"021a9c34-sample_image1.jpg","drafts":[],"predictions":[],"data":{"image":"\/data\/upload\/1\/021a9c34-sample_image1.jpg"},"meta":{},"created_at":"2024-09-08T14:18:32.761432Z","updated_at":"2024-09-09T01:04:37.757349Z","inner_id":12,"total_annotations":1,"cancelled_annotations":0,"total_predictions":0,"comment_count":0,"unresolved_comment_count":0,"last_comment_updated_at":null,"project":1,"updated_by":2,"comment_authors":[]},{"id":13,"annotations":[{"id":13,"completed_by":2,"result":[{"original_width":1057,"original_height":774,"image_rotation":0,"value":{"x":28.95542322889421,"y":69.93464052287581,"width":38.04886192887752,"height":6.699346405228766,"rotation":0,"rectanglelabels":["aadhar_no"]},"id":"LURb7Upx8u","from_name":"label","to_name":"image","type":"rectanglelabels","origin":"manual"},{"original_width":1057,"original_height":774,"image_rotation":0,"value":{"x":2.1537091657855196,"y":24.019607843137255,"width":43.193833824920695,"height":17.320261437908496,"rotation":0,"rectanglelabels":["aadhar_address"]},"id":"gB2SJKSsco","from_name":"label","to_name":"image","type":"rectanglelabels","origin":"manual"},{"original_width":1057,"original_height":774,"image_rotation":0,"value":{"x":51.090767432800945,"y":26.143790849673206,"width":43.43313484334131,"height":16.99346405228758,"rotation":0,"rectanglelabels":["aadhar_address"]},"id":"sRTkqQtPAW","from_name":"label","to_name":"image","type":"rectanglelabels","origin":"manual"}],"was_cancelled":false,"ground_truth":false,"created_at":"2024-09-09T00:19:07.287055Z","updated_at":"2024-09-09T00:19:07.287121Z","draft_created_at":"2024-09-09T00:13:57.270961Z","lead_time":325.346,"prediction":{},"result_count":0,"unique_id":"edb546a0-6423-4ff0-9f3d-9f4521ce41d0","import_id":null,"last_action":null,"task":13,"project":1,"updated_by":2,"parent_prediction":null,"parent_annotation":null,"last_created_by":null}],"file_upload":"88d49a14-755001681601986692back_adhar.jpeg","drafts":[{"id":31,"user":"concprog@rejuvenate.in","created_username":"concprog@rejuvenate.in, 2","created_ago":"7 minutes","result":[{"original_width":1024,"original_height":640,"image_rotation":0,"value":{"x":36.04983660130719,"y":63.56209150326797,"width":28.084150326797385,"height":5.228758169934643,"rotation":0,"rectanglelabels":["aadhar_no"]},"id":"5s11QM85Hp","from_name":"label","to_name":"image","type":"rectanglelabels","origin":"manual"},{"original_width":1024,"original_height":640,"image_rotation":0,"value":{"x":37.07107843137255,"y":26.797385620915033,"width":15.216503267973863,"height":8.169934640522872,"rotation":0,"rectanglelabels":["aadhar_name"]},"id":"mEC4s_Wnsp","from_name":"label","to_name":"image","type":"rectanglelabels","origin":"manual"},{"original_width":1024,"original_height":640,"image_rotation":0,"value":{"x":55.04493464052287,"y":36.11111111111104,"width":10.620915032679763,"height":4.084967320261436,"rotation":0,"rectanglelabels":["aadhar_dob"]},"id":"NOazJ5814C","from_name":"label","to_name":"image","type":"rectanglelabels","origin":"manual"}],"lead_time":69.40700000000001,"was_postponed":false,"import_id":null,"created_at":"2024-09-09T00:59:48.500740Z","updated_at":"2024-09-09T00:59:48.500789Z","task":13,"annotation":12},{"id":35,"user":"concprog@rejuvenate.in","created_username":"concprog@rejuvenate.in, 2","created_ago":"3 minutes","result":[{"original_width":1024,"original_height":640,"image_rotation":0,"value":{"x":36.04983660130719,"y":63.56209150326797,"width":28.084150326797385,"height":5.228758169934643,"rotation":0,"rectanglelabels":["aadhar_no"]},"id":"5s11QM85Hp","from_name":"label","to_name":"image","type":"rectanglelabels","origin":"manual"},{"original_width":1024,"original_height":640,"image_rotation":0,"value":{"x":37.07107843137255,"y":26.797385620915033,"width":15.216503267973863,"height":8.169934640522872,"rotation":0,"rectanglelabels":["aadhar_name"]},"id":"mEC4s_Wnsp","from_name":"label","to_name":"image","type":"rectanglelabels","origin":"manual"},{"original_width":1024,"original_height":640,"image_rotation":0,"value":{"x":55.04493464052287,"y":36.11111111111104,"width":10.620915032679763,"height":4.084967320261436,"rotation":0,"rectanglelabels":["aadhar_dob"]},"id":"NOazJ5814C","from_name":"label","to_name":"image","type":"rectanglelabels","origin":"manual"}],"lead_time":68.071,"was_postponed":false,"import_id":null,"created_at":"2024-09-09T01:04:15.329010Z","updated_at":"2024-09-09T01:04:15.329029Z","task":13,"annotation":12}],"predictions":[],"data":{"image":"\/data\/upload\/1\/88d49a14-755001681601986692back_adhar.jpeg"},"meta":{},"created_at":"2024-09-09T00:13:29.901885Z","updated_at":"2024-09-09T00:19:07.397198Z","inner_id":13,"total_annotations":1,"cancelled_annotations":0,"total_predictions":0,"comment_count":0,"unresolved_comment_count":0,"last_comment_updated_at":null,"project":1,"updated_by":2,"comment_authors":[]},{"id":14,"annotations":[{"id":14,"completed_by":2,"result":[{"original_width":1280,"original_height":960,"image_rotation":0,"value":{"x":10.666185332841696,"y":36.34925831585046,"width":70.58823529411765,"height":19.444444444444464,"rotation":357.92684985115375,"rectanglelabels":["aadhar_address"]},"id":"Bl7hzwDpBz","from_name":"label","to_name":"image","type":"rectanglelabels","origin":"manual"},{"original_width":1280,"original_height":960,"image_rotation":0,"value":{"x":32.7499023807795,"y":71.80249901978816,"width":34.19117647058821,"height":6.689057858248883,"rotation":357.3974377975015,"rectanglelabels":["aadhar_no"]},"id":"N5_GXZAZ8c","from_name":"label","to_name":"image","type":"rectanglelabels","origin":"manual"}],"was_cancelled":false,"ground_truth":false,"created_at":"2024-09-09T00:20:17.761925Z","updated_at":"2024-09-09T00:20:17.761985Z","draft_created_at":"2024-09-09T00:19:29.144119Z","lead_time":67.121,"prediction":{},"result_count":0,"unique_id":"4922ff33-f844-4932-a544-613e9ae74ab7","import_id":null,"last_action":null,"task":14,"project":1,"updated_by":2,"parent_prediction":null,"parent_annotation":null,"last_created_by":null}],"file_upload":"1bb6b540-719074361601961155tushar_aadhar_back_photo.jpeg","drafts":[{"id":30,"user":"concprog@rejuvenate.in","created_username":"concprog@rejuvenate.in, 2","created_ago":"7 minutes","result":[{"original_width":1024,"original_height":647,"image_rotation":0,"value":{"x":28.03367640784983,"y":75.93856655290102,"width":34.93427367747441,"height":6.655290102389074,"rotation":0,"rectanglelabels":["aadhar_no"]},"id":"xMhwkyZnJZ","from_name":"label","to_name":"image","type":"rectanglelabels","origin":"manual"},{"original_width":1024,"original_height":647,"image_rotation":0,"value":{"x":6.900597269624574,"y":28.327645051194537,"width":51.21537036049488,"height":18.600682593856654,"rotation":0,"rectanglelabels":["aadhar_address"]},"id":"mxipHTZUKy","from_name":"label","to_name":"image","type":"rectanglelabels","origin":"manual"}],"lead_time":36.592999999999996,"was_postponed":false,"import_id":null,"created_at":"2024-09-09T00:59:32.702441Z","updated_at":"2024-09-09T00:59:32.702495Z","task":14,"annotation":15}],"predictions":[],"data":{"image":"\/data\/upload\/1\/1bb6b540-719074361601961155tushar_aadhar_back_photo.jpeg"},"meta":{},"created_at":"2024-09-09T00:13:29.902036Z","updated_at":"2024-09-09T00:20:17.874298Z","inner_id":14,"total_annotations":1,"cancelled_annotations":0,"total_predictions":0,"comment_count":0,"unresolved_comment_count":0,"last_comment_updated_at":null,"project":1,"updated_by":2,"comment_authors":[]},{"id":15,"annotations":[{"id":15,"completed_by":2,"result":[{"original_width":1024,"original_height":647,"image_rotation":0,"value":{"x":28.03367640784983,"y":75.93856655290102,"width":34.93427367747441,"height":6.655290102389074,"rotation":0,"rectanglelabels":["aadhar_no"]},"id":"xMhwkyZnJZ","from_name":"label","to_name":"image","type":"rectanglelabels","origin":"manual"},{"original_width":1024,"original_height":647,"image_rotation":0,"value":{"x":6.900597269624574,"y":28.327645051194537,"width":51.21537036049488,"height":18.600682593856654,"rotation":0,"rectanglelabels":["aadhar_address"]},"id":"mxipHTZUKy","from_name":"label","to_name":"image","type":"rectanglelabels","origin":"manual"}],"was_cancelled":false,"ground_truth":false,"created_at":"2024-09-09T00:20:50.820322Z","updated_at":"2024-09-09T01:04:27.479449Z","draft_created_at":"2024-09-09T00:20:35.442057Z","lead_time":38.617999999999995,"prediction":{},"result_count":0,"unique_id":"80ee1339-cb48-4af6-bd40-75cabcb6f556","import_id":null,"last_action":null,"task":15,"project":1,"updated_by":2,"parent_prediction":null,"parent_annotation":null,"last_created_by":null}],"file_upload":"e37148da-667099741609260180IMG-20201229-WA0043.jpg","drafts":[],"predictions":[],"data":{"image":"\/data\/upload\/1\/e37148da-667099741609260180IMG-20201229-WA0043.jpg"},"meta":{},"created_at":"2024-09-09T00:13:29.902124Z","updated_at":"2024-09-09T01:04:27.659971Z","inner_id":15,"total_annotations":1,"cancelled_annotations":0,"total_predictions":0,"comment_count":0,"unresolved_comment_count":0,"last_comment_updated_at":null,"project":1,"updated_by":2,"comment_authors":[]},{"id":16,"annotations":[{"id":16,"completed_by":2,"result":[{"original_width":1280,"original_height":960,"image_rotation":0,"value":{"x":37.622549019607845,"y":65.84967320261438,"width":37.00980392156863,"height":6.862745098039213,"rotation":0,"rectanglelabels":["aadhar_no"]},"id":"22L2FkwI3l","from_name":"label","to_name":"image","type":"rectanglelabels","origin":"manual"},{"original_width":1280,"original_height":960,"image_rotation":0,"value":{"x":14.583333333333334,"y":23.52941176470588,"width":38.725490196078425,"height":22.54901960784314,"rotation":0,"rectanglelabels":["aadhar_address"]},"id":"I_TvLG5HMM","from_name":"label","to_name":"image","type":"rectanglelabels","origin":"manual"},{"original_width":1280,"original_height":960,"image_rotation":0,"value":{"x":56.25,"y":24.509803921568626,"width":33.08823529411765,"height":21.07843137254902,"rotation":0,"rectanglelabels":["aadhar_address"]},"id":"KRRQcRTNvn","from_name":"label","to_name":"image","type":"rectanglelabels","origin":"manual"}],"was_cancelled":false,"ground_truth":false,"created_at":"2024-09-09T00:21:44.111589Z","updated_at":"2024-09-09T00:21:44.111647Z","draft_created_at":"2024-09-09T00:21:09.721723Z","lead_time":39.751999999999995,"prediction":{},"result_count":0,"unique_id":"787ad179-bf52-4156-9812-327caab68da7","import_id":null,"last_action":null,"task":16,"project":1,"updated_by":2,"parent_prediction":null,"parent_annotation":null,"last_created_by":null}],"file_upload":"cffbc9ae-653252041588748266Adhar_Back_-_Aakash.jpg","drafts":[{"id":29,"user":"concprog@rejuvenate.in","created_username":"concprog@rejuvenate.in, 2","created_ago":"7 minutes","result":[{"original_width":1987,"original_height":1332,"image_rotation":0,"value":{"x":31.76529796619201,"y":78.92156862745098,"width":38.666035110571656,"height":6.862745098039213,"rotation":0,"rectanglelabels":["aadhar_no"]},"id":"NC143GpH10","from_name":"label","to_name":"image","type":"rectanglelabels","origin":"manual"},{"original_width":1987,"original_height":1332,"image_rotation":0,"value":{"x":39.87092572308239,"y":87.25490196078431,"width":26.178986944551333,"height":3.1045751633986924,"rotation":0,"rectanglelabels":["aadhar_no"]},"id":"S7dRpnMbOQ","from_name":"label","to_name":"image","type":"rectanglelabels","origin":"manual"},{"original_width":1987,"original_height":1332,"image_rotation":0,"value":{"x":1.862103673880221,"y":17.483660130718953,"width":56.52032327777613,"height":20.42483660130719,"rotation":0,"rectanglelabels":["aadhar_address"]},"id":"SVI1B4OkKF","from_name":"label","to_name":"image","type":"rectanglelabels","origin":"manual"},{"original_width":1987,"original_height":1332,"image_rotation":0,"value":{"x":2.0811746943367178,"y":40.19607843137255,"width":54.00100654252642,"height":20.424836601307184,"rotation":0,"rectanglelabels":["aadhar_address"]},"id":"tKbSaVZq7Z","from_name":"label","to_name":"image","type":"rectanglelabels","origin":"manual"}],"lead_time":49.467,"was_postponed":false,"import_id":null,"created_at":"2024-09-09T00:59:24.728783Z","updated_at":"2024-09-09T00:59:24.728804Z","task":16,"annotation":17}],"predictions":[],"data":{"image":"\/data\/upload\/1\/cffbc9ae-653252041588748266Adhar_Back_-_Aakash.jpg"},"meta":{},"created_at":"2024-09-09T00:13:29.902204Z","updated_at":"2024-09-09T00:21:44.218114Z","inner_id":16,"total_annotations":1,"cancelled_annotations":0,"total_predictions":0,"comment_count":0,"unresolved_comment_count":0,"last_comment_updated_at":null,"project":1,"updated_by":2,"comment_authors":[]},{"id":17,"annotations":[{"id":17,"completed_by":2,"result":[{"original_width":1987,"original_height":1332,"image_rotation":0,"value":{"x":31.76529796619201,"y":78.92156862745098,"width":38.666035110571656,"height":6.862745098039213,"rotation":0,"rectanglelabels":["aadhar_no"]},"id":"NC143GpH10","from_name":"label","to_name":"image","type":"rectanglelabels","origin":"manual"},{"original_width":1987,"original_height":1332,"image_rotation":0,"value":{"x":39.87092572308239,"y":87.25490196078431,"width":26.178986944551333,"height":3.1045751633986924,"rotation":0,"rectanglelabels":["aadhar_no"]},"id":"S7dRpnMbOQ","from_name":"label","to_name":"image","type":"rectanglelabels","origin":"manual"},{"original_width":1987,"original_height":1332,"image_rotation":0,"value":{"x":1.862103673880221,"y":17.483660130718953,"width":56.52032327777613,"height":20.42483660130719,"rotation":0,"rectanglelabels":["aadhar_address"]},"id":"SVI1B4OkKF","from_name":"label","to_name":"image","type":"rectanglelabels","origin":"manual"},{"original_width":1987,"original_height":1332,"image_rotation":0,"value":{"x":2.0811746943367178,"y":40.19607843137255,"width":54.00100654252642,"height":20.424836601307184,"rotation":0,"rectanglelabels":["aadhar_address"]},"id":"tKbSaVZq7Z","from_name":"label","to_name":"image","type":"rectanglelabels","origin":"manual"}],"was_cancelled":false,"ground_truth":false,"created_at":"2024-09-09T00:22:32.784508Z","updated_at":"2024-09-09T01:06:12.143528Z","draft_created_at":"2024-09-09T00:22:04.950020Z","lead_time":49.080000000000005,"prediction":{},"result_count":0,"unique_id":"72d5d455-60d4-4d62-a85f-c92a20c87e45","import_id":null,"last_action":null,"task":17,"project":1,"updated_by":2,"parent_prediction":null,"parent_annotation":null,"last_created_by":null}],"file_upload":"a3c02be6-262074151608642712IMG_20201222_152829.jpg","drafts":[],"predictions":[],"data":{"image":"\/data\/upload\/1\/a3c02be6-262074151608642712IMG_20201222_152829.jpg"},"meta":{},"created_at":"2024-09-09T00:13:29.902283Z","updated_at":"2024-09-09T01:06:12.303580Z","inner_id":17,"total_annotations":1,"cancelled_annotations":0,"total_predictions":0,"comment_count":0,"unresolved_comment_count":0,"last_comment_updated_at":null,"project":1,"updated_by":2,"comment_authors":[]},{"id":18,"annotations":[{"id":22,"completed_by":2,"result":[{"original_width":1280,"original_height":845,"image_rotation":0,"value":{"x":4.854090073529412,"y":22.54901960784314,"width":38.8327205882353,"height":16.339869281045754,"rotation":0,"rectanglelabels":["aadhar_address"]},"id":"CBkh_04TpI","from_name":"label","to_name":"image","type":"rectanglelabels","origin":"manual"},{"original_width":1280,"original_height":845,"image_rotation":0,"value":{"x":51.12974877450981,"y":22.54901960784314,"width":38.72485191993465,"height":23.69281045751634,"rotation":0,"rectanglelabels":["aadhar_address"]},"id":"_rLqXVa71x","from_name":"label","to_name":"image","type":"rectanglelabels","origin":"manual"},{"original_width":1280,"original_height":845,"image_rotation":0,"value":{"x":33.87076184640523,"y":71.89542483660131,"width":28.800934436274517,"height":8.333333333333343,"rotation":0,"rectanglelabels":["aadhar_no"]},"id":"lvusv55HVY","from_name":"label","to_name":"image","type":"rectanglelabels","origin":"manual"}],"was_cancelled":false,"ground_truth":false,"created_at":"2024-09-09T01:06:45.848541Z","updated_at":"2024-09-09T01:06:45.848616Z","draft_created_at":"2024-09-09T01:06:29.457174Z","lead_time":29.583,"prediction":{},"result_count":0,"unique_id":"ddf490ad-29ea-4b39-a8aa-29b345567db9","import_id":null,"last_action":null,"task":18,"project":1,"updated_by":2,"parent_prediction":null,"parent_annotation":null,"last_created_by":null}],"file_upload":"f758d7df-96570111589794634abhi_2.jpg","drafts":[],"predictions":[],"data":{"image":"\/data\/upload\/1\/f758d7df-96570111589794634abhi_2.jpg"},"meta":{},"created_at":"2024-09-09T00:13:29.902361Z","updated_at":"2024-09-09T01:06:45.957206Z","inner_id":18,"total_annotations":1,"cancelled_annotations":0,"total_predictions":0,"comment_count":0,"unresolved_comment_count":0,"last_comment_updated_at":null,"project":1,"updated_by":2,"comment_authors":[]},{"id":19,"annotations":[{"id":18,"completed_by":2,"result":[{"original_width":1280,"original_height":869,"image_rotation":0,"value":{"x":31.504799836601304,"y":75.98039215686273,"width":34.721839256535944,"height":5.392156862745111,"rotation":0,"rectanglelabels":["aadhar_no"]},"id":"PIudK0rPBg","from_name":"label","to_name":"image","type":"rectanglelabels","origin":"manual"},{"original_width":1280,"original_height":869,"image_rotation":0,"value":{"x":27.067504084967318,"y":27.77777777777778,"width":27.067504084967318,"height":13.562091503267972,"rotation":0,"rectanglelabels":["aadhar_name"]},"id":"PZ3PGoDzxi","from_name":"label","to_name":"image","type":"rectanglelabels","origin":"manual"},{"original_width":1280,"original_height":869,"image_rotation":0,"value":{"x":50.91796875,"y":42.97385620915033,"width":17.083588643790847,"height":4.411764705882348,"rotation":0,"rectanglelabels":["aadhar_dob"]},"id":"WQVzw-d-5w","from_name":"label","to_name":"image","type":"rectanglelabels","origin":"manual"}],"was_cancelled":false,"ground_truth":false,"created_at":"2024-09-09T00:23:11.584724Z","updated_at":"2024-09-09T01:06:57.110731Z","draft_created_at":"2024-09-09T00:22:48.883826Z","lead_time":43.056,"prediction":{},"result_count":0,"unique_id":"0a86f853-0b58-49a2-9d44-87f18aab4e0b","import_id":null,"last_action":null,"task":19,"project":1,"updated_by":2,"parent_prediction":null,"parent_annotation":null,"last_created_by":null}],"file_upload":"5dd168e5-IMG-20220719-WA0011_x4vAcV9.jpg","drafts":[],"predictions":[],"data":{"image":"\/data\/upload\/1\/5dd168e5-IMG-20220719-WA0011_x4vAcV9.jpg"},"meta":{},"created_at":"2024-09-09T00:13:29.902442Z","updated_at":"2024-09-09T01:06:57.247746Z","inner_id":19,"total_annotations":1,"cancelled_annotations":0,"total_predictions":0,"comment_count":0,"unresolved_comment_count":0,"last_comment_updated_at":null,"project":1,"updated_by":2,"comment_authors":[]},{"id":20,"annotations":[{"id":19,"completed_by":2,"result":[{"original_width":1280,"original_height":960,"image_rotation":0,"value":{"x":17.401960784313726,"y":36.76470588235294,"width":17.769607843137255,"height":30.718954248366018,"rotation":0,"rectanglelabels":["photo"]},"id":"hg3U-uQg49","from_name":"label","to_name":"image","type":"rectanglelabels","origin":"manual"},{"original_width":1280,"original_height":960,"image_rotation":0,"value":{"x":36.15196078431372,"y":71.40522875816994,"width":27.573529411764703,"height":4.084967320261427,"rotation":0,"rectanglelabels":["aadhar_no"]},"id":"WK_6LoGgLW","from_name":"label","to_name":"image","type":"rectanglelabels","origin":"manual"},{"original_width":1280,"original_height":960,"image_rotation":0,"value":{"x":67.15686274509804,"y":48.03921568627451,"width":16.05392156862746,"height":21.078431372549012,"rotation":0,"rectanglelabels":["aadhar_qr"]},"id":"SApKxPFOpw","from_name":"label","to_name":"image","type":"rectanglelabels","origin":"manual"},{"original_width":1280,"original_height":960,"image_rotation":0,"value":{"x":36.88725490196079,"y":37.091503267973856,"width":7.107843137254896,"height":7.5163398692810475,"rotation":0,"rectanglelabels":["aadhar_name"]},"id":"o8UqokEinh","from_name":"label","to_name":"image","type":"rectanglelabels","origin":"manual"},{"original_width":1280,"original_height":960,"image_rotation":0,"value":{"x":36.51960784313725,"y":46.40522875816993,"width":18.872549019607852,"height":6.372549019607845,"rotation":0,"rectanglelabels":["aadhar_name"]},"id":"-qHSVgLTiT","from_name":"label","to_name":"image","type":"rectanglelabels","origin":"manual"},{"original_width":1280,"original_height":960,"image_rotation":0,"value":{"x":59.068627450980394,"y":53.59477124183007,"width":5.514705882352949,"height":2.941176470588232,"rotation":0,"rectanglelabels":["aadhar_dob"]},"id":"qOthoq-kXQ","from_name":"label","to_name":"image","type":"rectanglelabels","origin":"manual"}],"was_cancelled":false,"ground_truth":false,"created_at":"2024-09-09T00:24:13.326898Z","updated_at":"2024-09-09T00:24:13.326965Z","draft_created_at":"2024-09-09T00:23:26.195495Z","lead_time":59.51,"prediction":{},"result_count":0,"unique_id":"aa9db41d-5205-4d29-99c9-8c015cda137e","import_id":null,"last_action":null,"task":20,"project":1,"updated_by":2,"parent_prediction":null,"parent_annotation":null,"last_created_by":null}],"file_upload":"d81c9a0a-IMG-20220715-WA0004_WTRlcky.jpg","drafts":[],"predictions":[],"data":{"image":"\/data\/upload\/1\/d81c9a0a-IMG-20220715-WA0004_WTRlcky.jpg"},"meta":{},"created_at":"2024-09-09T00:13:29.902522Z","updated_at":"2024-09-09T00:24:13.442727Z","inner_id":20,"total_annotations":1,"cancelled_annotations":0,"total_predictions":0,"comment_count":0,"unresolved_comment_count":0,"last_comment_updated_at":null,"project":1,"updated_by":2,"comment_authors":[]},{"id":26,"annotations":[{"id":21,"completed_by":2,"result":[{"original_width":612,"original_height":410,"image_rotation":0,"value":{"x":29.008607800418645,"y":22.058823529411764,"width":29.008607800418645,"height":12.418300653594773,"rotation":0,"rectanglelabels":["aadhar_name"]},"id":"xVsN88AJQs","from_name":"label","to_name":"image","type":"rectanglelabels","origin":"manual"},{"original_width":612,"original_height":410,"image_rotation":0,"value":{"x":28.899141355888762,"y":35.78431372549019,"width":38.64165491904822,"height":10.947712418300654,"rotation":0,"rectanglelabels":["aadhar_name"]},"id":"u5GhmxtI84","from_name":"label","to_name":"image","type":"rectanglelabels","origin":"manual"},{"original_width":612,"original_height":410,"image_rotation":0,"value":{"x":54.07642359776155,"y":49.673202614379086,"width":14.121171344354735,"height":3.9215686274509807,"rotation":0,"rectanglelabels":["aadhar_dob"]},"id":"C8xGr3qvzU","from_name":"label","to_name":"image","type":"rectanglelabels","origin":"manual"},{"original_width":612,"original_height":410,"image_rotation":0,"value":{"x":27.804476910589944,"y":70.91503267973856,"width":37.21859114015977,"height":6.535947712418306,"rotation":0,"rectanglelabels":["aadhar_no"]},"id":"r9tMS1K1Hv","from_name":"label","to_name":"image","type":"rectanglelabels","origin":"manual"}],"was_cancelled":false,"ground_truth":false,"created_at":"2024-09-09T00:35:45.909422Z","updated_at":"2024-09-09T01:05:09.042613Z","draft_created_at":"2024-09-09T00:29:07.898732Z","lead_time":422.02700000000004,"prediction":{},"result_count":0,"unique_id":"a4cac39d-cd31-415c-8e8e-2ef829c923f2","import_id":null,"last_action":null,"task":26,"project":1,"updated_by":2,"parent_prediction":null,"parent_annotation":null,"last_created_by":null}],"file_upload":"c406b5eb-IMG-20220611-WA0005.jpg","drafts":[],"predictions":[],"data":{"image":"\/data\/upload\/1\/c406b5eb-IMG-20220611-WA0005.jpg"},"meta":{},"created_at":"2024-09-09T00:13:29.903094Z","updated_at":"2024-09-09T01:05:09.198912Z","inner_id":26,"total_annotations":1,"cancelled_annotations":0,"total_predictions":0,"comment_count":0,"unresolved_comment_count":0,"last_comment_updated_at":null,"project":1,"updated_by":2,"comment_authors":[]},{"id":30,"annotations":[{"id":20,"completed_by":2,"result":[{"original_width":1360,"original_height":1020,"image_rotation":0,"value":{"x":34.12916070215295,"y":76.12217891701042,"width":40.07352941176468,"height":5.065359477124192,"rotation":357.59739053101407,"rectanglelabels":["aadhar_no"]},"id":"b-eoc3R9Xr","from_name":"label","to_name":"image","type":"rectanglelabels","origin":"manual"},{"original_width":1360,"original_height":1020,"image_rotation":0,"value":{"x":32.1078431372549,"y":29.575163398692812,"width":19.240196078431367,"height":9.15032679738562,"rotation":0,"rectanglelabels":["aadhar_name"]},"id":"llw5S_FY3P","from_name":"label","to_name":"image","type":"rectanglelabels","origin":"manual"},{"original_width":1360,"original_height":1020,"image_rotation":0,"value":{"x":32.1078431372549,"y":39.052287581699346,"width":38.48039215686275,"height":8.006535947712415,"rotation":0,"rectanglelabels":["aadhar_name"]},"id":"tHeOXEjdtC","from_name":"label","to_name":"image","type":"rectanglelabels","origin":"manual"},{"original_width":1360,"original_height":1020,"image_rotation":0,"value":{"x":55.88235294117647,"y":48.36601307189542,"width":14.2156862745098,"height":3.9215686274509878,"rotation":0,"rectanglelabels":["aadhar_dob"]},"id":"nI2ywIsad1","from_name":"label","to_name":"image","type":"rectanglelabels","origin":"manual"}],"was_cancelled":false,"ground_truth":false,"created_at":"2024-09-09T00:28:49.307311Z","updated_at":"2024-09-09T01:05:20.998916Z","draft_created_at":"2024-09-09T00:24:51.288459Z","lead_time":264.378,"prediction":{},"result_count":0,"unique_id":"995567f8-ea3b-495e-9e00-41813f857cef","import_id":null,"last_action":null,"task":30,"project":1,"updated_by":2,"parent_prediction":null,"parent_annotation":null,"last_created_by":null}],"file_upload":"7df21bff-1657690125393.jpg","drafts":[],"predictions":[],"data":{"image":"\/data\/upload\/1\/7df21bff-1657690125393.jpg"},"meta":{},"created_at":"2024-09-09T00:13:29.903407Z","updated_at":"2024-09-09T01:05:21.181540Z","inner_id":30,"total_annotations":1,"cancelled_annotations":0,"total_predictions":0,"comment_count":0,"unresolved_comment_count":0,"last_comment_updated_at":null,"project":1,"updated_by":2,"comment_authors":[]}]