[{"id":1,"annotations":[{"id":1,"completed_by":1,"result":[{"original_width":1200,"original_height":800,"image_rotation":0,"value":{"x":1.9607843137254901,"y":59.47712418300654,"width":11.982570806100219,"height":3.1045751633986924,"rotation":0,"rectanglelabels":["aadhar_no"]},"id":"zVA09ij1cp","from_name":"label","to_name":"image","type":"rectanglelabels","origin":"manual"},{"original_width":1200,"original_height":800,"image_rotation":0,"value":{"x":66.55773420479304,"y":59.80392156862745,"width":14.379084967320253,"height":4.084967320261434,"rotation":0,"rectanglelabels":["aadhar_no"]},"id":"-G_fDBh8jD","from_name":"label","to_name":"image","type":"rectanglelabels","origin":"manual"},{"original_width":1200,"original_height":800,"image_rotation":0,"value":{"x":62.41830065359477,"y":72.7124183006536,"width":5.882352941176478,"height":11.274509803921575,"rotation":0,"rectanglelabels":["photo"]},"id":"gnXYlsgmlv","from_name":"label","to_name":"image","type":"rectanglelabels","origin":"manual"},{"original_width":1200,"original_height":800,"image_rotation":0,"value":{"x":4.139433551198257,"y":78.92156862745098,"width":7.843137254901961,"height":2.614379084967325,"rotation":0,"rectanglelabels":["aadhar_no"]},"id":"tqc_evAY_H","from_name":"label","to_name":"image","type":"rectanglelabels","origin":"manual"},{"original_width":1200,"original_height":800,"image_rotation":0,"value":{"x":68.30065359477125,"y":84.80392156862744,"width":8.278867102396504,"height":2.4509803921568647,"rotation":0,"rectanglelabels":["aadhar_no"]},"id":"hx29i_wBcD","from_name":"label","to_name":"image","type":"rectanglelabels","origin":"manual"},{"original_width":1200,"original_height":800,"image_rotation":0,"value":{"x":77.45098039215686,"y":47.385620915032675,"width":6.209150326797385,"height":10.620915032679747,"rotation":0,"rectanglelabels":["aadhar_qr"]},"id":"ymiaBPlQwy","from_name":"label","to_name":"image","type":"rectanglelabels","origin":"manual"},{"original_width":1200,"original_height":800,"image_rotation":0,"value":{"x":68.95424836601308,"y":42.810457516339866,"width":9.259259259259252,"height":4.084967320261441,"rotation":0,"rectanglelabels":["aadhar_qr"]},"id":"D5RYW3-8sl","from_name":"label","to_name":"image","type":"rectanglelabels","origin":"manual"},{"original_width":1200,"original_height":800,"image_rotation":0,"value":{"x":78.10457516339869,"y":77.12418300653596,"width":4.901960784313729,"height":8.169934640522868,"rotation":0,"rectanglelabels":["aadhar_qr"]},"id":"8qp_9uk_u1","from_name":"label","to_name":"image","type":"rectanglelabels","origin":"manual"},{"original_width":1200,"original_height":800,"image_rotation":0,"value":{"x":10.893246187363834,"y":49.01960784313725,"width":5.119825708061002,"height":7.189542483660134,"rotation":0,"rectanglelabels":["aadhar_qr"]},"id":"cdFYteekcW","from_name":"label","to_name":"image","type":"rectanglelabels","origin":"manual"},{"original_width":1200,"original_height":800,"image_rotation":0,"value":{"x":12.527233115468409,"y":72.87581699346404,"width":4.248366013071898,"height":6.535947712418306,"rotation":0,"rectanglelabels":["aadhar_qr"]},"id":"PVzzEQWNhq","from_name":"label","to_name":"image","type":"rectanglelabels","origin":"manual"},{"original_width":1200,"original_height":800,"image_rotation":0,"value":{"x":2.941176470588235,"y":45.91503267973856,"width":9.041394335511983,"height":2.614379084967325,"rotation":0,"rectanglelabels":["aadhar_qr"]},"id":"OsD1EpzQT7","from_name":"label","to_name":"image","type":"rectanglelabels","origin":"manual"}],"was_cancelled":false,"ground_truth":false,"created_at":"2024-09-08T15:35:13.079533Z","updated_at":"2024-09-08T15:35:13.079594Z","draft_created_at":"2024-09-08T15:25:43.359567Z","lead_time":592.861,"prediction":{},"result_count":0,"unique_id":"1de87f24-150c-4bc8-9840-b50e0b4a637c","import_id":null,"last_action":null,"task":1,"project":1,"updated_by":1,"parent_prediction":null,"parent_annotation":null,"last_created_by":null}],"file_upload":"aaae99a1-pjimage-75-3911572575.jpg","drafts":[],"predictions":[],"data":{"image":"\/data\/upload\/1\/aaae99a1-pjimage-75-3911572575.jpg"},"meta":{},"created_at":"2024-09-08T14:18:32.760571Z","updated_at":"2024-09-08T15:35:13.190776Z","inner_id":1,"total_annotations":1,"cancelled_annotations":0,"total_predictions":0,"comment_count":0,"unresolved_comment_count":0,"last_comment_updated_at":null,"project":1,"updated_by":1,"comment_authors":[]},{"id":2,"annotations":[{"id":2,"completed_by":1,"result":[{"original_width":678,"original_height":381,"image_rotation":0,"value":{"x":31.109538547677186,"y":71.70474516695958,"width":34.46739350202964,"height":11.950790861159916,"rotation":0,"rectanglelabels":["aadhar_no"]},"id":"xhlChBHtuq","from_name":"label","to_name":"image","type":"rectanglelabels","origin":"manual"},{"original_width":678,"original_height":381,"image_rotation":0,"value":{"x":70.51495404140162,"y":38.488576449912124,"width":21.1347341244537,"height":37.78558875219685,"rotation":0,"rectanglelabels":["aadhar_qr"]},"id":"8E37HXPmvZ","from_name":"label","to_name":"image","type":"rectanglelabels","origin":"manual"},{"original_width":678,"original_height":381,"image_rotation":0,"value":{"x":31.702101186680558,"y":18.27768014059754,"width":17.776879170101253,"height":12.653778558875217,"rotation":0,"rectanglelabels":["aadhar_name"]},"id":"fuZAsrdy09","from_name":"label","to_name":"image","type":"rectanglelabels","origin":"manual"},{"original_width":678,"original_height":381,"image_rotation":0,"value":{"x":60.24386829867646,"y":35.325131810193334,"width":6.4194285892031955,"height":5.272407732864677,"rotation":0,"rectanglelabels":["aadhar_dob"]},"id":"KqB8-cycMR","from_name":"label","to_name":"image","type":"rectanglelabels","origin":"manual"},{"original_width":678,"original_height":381,"image_rotation":0,"value":{"x":8.592158265548937,"y":19.15641476274165,"width":21.3322550041215,"height":49.736379613356775,"rotation":0,"rectanglelabels":["photo"]},"id":"2gHYdm83J7","from_name":"label","to_name":"image","type":"rectanglelabels","origin":"manual"}],"was_cancelled":false,"ground_truth":false,"created_at":"2024-09-08T15:36:14.250050Z","updated_at":"2024-09-08T16:14:18.807754Z","draft_created_at":"2024-09-08T15:35:29.811038Z","lead_time":67.098,"prediction":{},"result_count":0,"unique_id":"ca7fcd62-e09b-4ec1-a679-aec9ff2f4246","import_id":null,"last_action":null,"task":2,"project":1,"updated_by":1,"parent_prediction":null,"parent_annotation":null,"last_created_by":null}],"file_upload":"7f3a8e9e-Aadhar-Card-678x381-174137544.jpg","drafts":[],"predictions":[],"data":{"image":"\/data\/upload\/1\/7f3a8e9e-Aadhar-Card-678x381-174137544.jpg"},"meta":{},"created_at":"2024-09-08T14:18:32.760713Z","updated_at":"2024-09-08T16:14:18.971561Z","inner_id":2,"total_annotations":1,"cancelled_annotations":0,"total_predictions":0,"comment_count":0,"unresolved_comment_count":0,"last_comment_updated_at":null,"project":1,"updated_by":1,"comment_authors":[]},{"id":3,"annotations":[{"id":3,"completed_by":1,"result":[{"original_width":1280,"original_height":960,"image_rotation":0,"value":{"x":33.455882352941174,"y":58.66013071895425,"width":28.431372549019613,"height":8.333333333333329,"rotation":0,"rectanglelabels":["aadhar_no"]},"id":"TacKMDlKIS","from_name":"label","to_name":"image","type":"rectanglelabels","origin":"manual"},{"original_width":1280,"original_height":960,"image_rotation":0,"value":{"x":62.745098039215684,"y":56.372549019607845,"width":29.779411764705888,"height":12.418300653594768,"rotation":0,"rectanglelabels":["aadhar_qr"]},"id":"nZbe0c-sSz","from_name":"label","to_name":"image","type":"rectanglelabels","origin":"manual"},{"original_width":1280,"original_height":960,"image_rotation":0,"value":{"x":33.82352941176471,"y":28.921568627450977,"width":28.92156862745096,"height":10.294117647058822,"rotation":0,"rectanglelabels":["aadhar_name"]},"id":"GJsbf2lAgM","from_name":"label","to_name":"image","type":"rectanglelabels","origin":"manual"},{"original_width":1280,"original_height":960,"image_rotation":0,"value":{"x":63.35784313725493,"y":40.03267973856212,"width":7.107843137254899,"height":3.1045751633986916,"rotation":0,"rectanglelabels":["aadhar_dob"]},"id":"q6WSFGQp4l","from_name":"label","to_name":"image","type":"rectanglelabels","origin":"manual"},{"original_width":1280,"original_height":960,"image_rotation":0,"value":{"x":10.539215686274508,"y":32.02614379084967,"width":20.465686274509807,"height":33.33333333333333,"rotation":0,"rectanglelabels":["photo"]},"id":"LiZwWEuBug","from_name":"label","to_name":"image","type":"rectanglelabels","origin":"manual"}],"was_cancelled":false,"ground_truth":false,"created_at":"2024-09-08T15:41:15.062992Z","updated_at":"2024-09-08T16:14:02.899093Z","draft_created_at":"2024-09-08T15:39:45.075201Z","lead_time":394.13399999999996,"prediction":{},"result_count":0,"unique_id":"91503723-7f42-4993-a012-144591fc621a","import_id":null,"last_action":null,"task":3,"project":1,"updated_by":1,"parent_prediction":null,"parent_annotation":null,"last_created_by":null}],"file_upload":"f2c27285-ba412177cd0967005c8952dfe3b093a8-1437988514.jpg","drafts":[],"predictions":[],"data":{"image":"\/data\/upload\/1\/f2c27285-ba412177cd0967005c8952dfe3b093a8-1437988514.jpg"},"meta":{},"created_at":"2024-09-08T14:18:32.760792Z","updated_at":"2024-09-08T16:14:03.089356Z","inner_id":3,"total_annotations":1,"cancelled_annotations":0,"total_predictions":0,"comment_count":0,"unresolved_comment_count":0,"last_comment_updated_at":null,"project":1,"updated_by":1,"comment_authors":[]},{"id":4,"annotations":[{"id":4,"completed_by":1,"result":[{"original_width":1200,"original_height":538,"image_rotation":0,"value":{"x":16.787812041116005,"y":79.51541850220264,"width":5.628854625550659,"height":5.066079295154196,"rotation":0,"rectanglelabels":["aadhar_no"]},"id":"aoapgF4vxc","from_name":"label","to_name":"image","type":"rectanglelabels","origin":"manual"},{"original_width":1200,"original_height":538,"image_rotation":0,"value":{"x":65.66997063142436,"y":79.73568281938326,"width":5.628854625550673,"height":4.405286343612332,"rotation":0,"rectanglelabels":["aadhar_no"]},"id":"KaZCMSl_y2","from_name":"label","to_name":"image","type":"rectanglelabels","origin":"manual"},{"original_width":1200,"original_height":538,"image_rotation":0,"value":{"x":1.6787812041116006,"y":22.46696035242291,"width":15.207782672540379,"height":36.784140969163,"rotation":0,"rectanglelabels":["photo"]},"id":"w1rs7lIk6W","from_name":"label","to_name":"image","type":"rectanglelabels","origin":"manual"},{"original_width":1200,"original_height":538,"image_rotation":0,"value":{"x":17.380323054331864,"y":21.365638766519822,"width":14.022760646108662,"height":14.757709251101318,"rotation":0,"rectanglelabels":["aadhar_name"]},"id":"nkYeKHO0Qy","from_name":"label","to_name":"image","type":"rectanglelabels","origin":"manual"},{"original_width":1200,"original_height":538,"image_rotation":0,"value":{"x":51.64720998531571,"y":24.008810572687224,"width":22.120411160058737,"height":43.392070484581495,"rotation":0,"rectanglelabels":["aadhar_address"]},"id":"InoQ4L7xSB","from_name":"label","to_name":"image","type":"rectanglelabels","origin":"manual"},{"original_width":1200,"original_height":538,"image_rotation":0,"value":{"x":75.2488986784141,"y":23.348017621145374,"width":22.515418502202635,"height":24.669603524229075,"rotation":0,"rectanglelabels":["aadhar_address"]},"id":"Xs_PX0E3yd","from_name":"label","to_name":"image","type":"rectanglelabels","origin":"manual"},{"original_width":1200,"original_height":538,"image_rotation":0,"value":{"x":32.09434654919237,"y":38.325991189427306,"width":11.158957415565343,"height":4.845814977973568,"rotation":0,"rectanglelabels":["aadhar_dob"]},"id":"TZVwZ9QPOG","from_name":"label","to_name":"image","type":"rectanglelabels","origin":"manual"},{"original_width":1200,"original_height":538,"image_rotation":0,"value":{"x":38.01945668135095,"y":46.25550660792951,"width":10.270190895741557,"height":23.56828193832599,"rotation":0,"rectanglelabels":["aadhar_qr"]},"id":"lYW9IV1Zni","from_name":"label","to_name":"image","type":"rectanglelabels","origin":"manual"}],"was_cancelled":false,"ground_truth":false,"created_at":"2024-09-08T15:44:26.420689Z","updated_at":"2024-09-08T16:13:46.246377Z","draft_created_at":"2024-09-08T15:43:20.771479Z","lead_time":98.77000000000001,"prediction":{},"result_count":0,"unique_id":"55a98493-775d-4f8c-9557-65e19f8a3200","import_id":null,"last_action":null,"task":4,"project":1,"updated_by":1,"parent_prediction":null,"parent_annotation":null,"last_created_by":null}],"file_upload":"5183d1e4-aadhaar-unique-identification-number-for-indian-citizen-3540948425.jpg","drafts":[],"predictions":[],"data":{"image":"\/data\/upload\/1\/5183d1e4-aadhaar-unique-identification-number-for-indian-citizen-3540948425.jpg"},"meta":{},"created_at":"2024-09-08T14:18:32.760866Z","updated_at":"2024-09-08T16:13:46.394589Z","inner_id":4,"total_annotations":1,"cancelled_annotations":0,"total_predictions":0,"comment_count":0,"unresolved_comment_count":0,"last_comment_updated_at":null,"project":1,"updated_by":1,"comment_authors":[]},{"id":5,"annotations":[{"id":5,"completed_by":1,"result":[{"original_width":4320,"original_height":2824,"image_rotation":0,"value":{"x":28.305797627693053,"y":71.73202614379085,"width":40.69625998547566,"height":8.169934640522882,"rotation":0,"rectanglelabels":["aadhar_no"]},"id":"RzC9Yq3Rn9","from_name":"label","to_name":"image","type":"rectanglelabels","origin":"manual"},{"original_width":4320,"original_height":2824,"image_rotation":0,"value":{"x":4.0589445654805125,"y":20.098039215686274,"width":23.0718954248366,"height":48.03921568627452,"rotation":0,"rectanglelabels":["photo"]},"id":"oMBYtEITcN","from_name":"label","to_name":"image","type":"rectanglelabels","origin":"manual"},{"original_width":4320,"original_height":2824,"image_rotation":0,"value":{"x":28.305797627693053,"y":20.915032679738562,"width":25.101367707576863,"height":14.379084967320264,"rotation":0,"rectanglelabels":["aadhar_name"]},"id":"HtydOWJ4wK","from_name":"label","to_name":"image","type":"rectanglelabels","origin":"manual"},{"original_width":4320,"original_height":2824,"image_rotation":0,"value":{"x":63.554526748971185,"y":36.43790849673202,"width":6.9429314935851,"height":3.9215686274509878,"rotation":0,"rectanglelabels":["aadhar_dob"]},"id":"cBXmGKFGeu","from_name":"label","to_name":"image","type":"rectanglelabels","origin":"manual"},{"original_width":4320,"original_height":2824,"image_rotation":0,"value":{"x":73.70188816267247,"y":45.42483660130719,"width":21.57649479544905,"height":33.986928104575156,"rotation":0,"rectanglelabels":["aadhar_qr"]},"id":"QREuVyZ910","from_name":"label","to_name":"image","type":"rectanglelabels","origin":"manual"}],"was_cancelled":false,"ground_truth":false,"created_at":"2024-09-08T15:45:33.025825Z","updated_at":"2024-09-08T16:13:37.204497Z","draft_created_at":"2024-09-08T15:44:44.867515Z","lead_time":76.147,"prediction":{},"result_count":0,"unique_id":"1e879f9f-2fec-4665-aa17-822791ee0af4","import_id":null,"last_action":null,"task":5,"project":1,"updated_by":1,"parent_prediction":null,"parent_annotation":null,"last_created_by":null}],"file_upload":"17ccf078-aadhar_card_front-331024734.jpg","drafts":[],"predictions":[],"data":{"image":"\/data\/upload\/1\/17ccf078-aadhar_card_front-331024734.jpg"},"meta":{},"created_at":"2024-09-08T14:18:32.760948Z","updated_at":"2024-09-08T16:13:37.352357Z","inner_id":5,"total_annotations":1,"cancelled_annotations":0,"total_predictions":0,"comment_count":0,"unresolved_comment_count":0,"last_comment_updated_at":null,"project":1,"updated_by":1,"comment_authors":[]},{"id":6,"annotations":[{"id":6,"completed_by":1,"result":[{"original_width":768,"original_height":543,"image_rotation":0,"value":{"x":31.308083129084967,"y":75.16339869281046,"width":37.200010212418306,"height":6.699346405228752,"rotation":0,"rectanglelabels":["aadhar_no"]},"id":"6tmRHZRpgw","from_name":"label","to_name":"image","type":"rectanglelabels","origin":"manual"},{"original_width":768,"original_height":543,"image_rotation":0,"value":{"x":34.77392258986928,"y":83.00653594771242,"width":28.766467524509807,"height":2.941176470588232,"rotation":0,"rectanglelabels":["aadhar_no"]},"id":"jrunmwrgIh","from_name":"label","to_name":"image","type":"rectanglelabels","origin":"manual"},{"original_width":768,"original_height":543,"image_rotation":0,"value":{"x":5.198759191176471,"y":22.058823529411764,"width":48.75280841503268,"height":14.542483660130717,"rotation":0,"rectanglelabels":["aadhar_address"]},"id":"1-c2Zfzqjg","from_name":"label","to_name":"image","type":"rectanglelabels","origin":"manual"},{"original_width":768,"original_height":543,"image_rotation":0,"value":{"x":5.314287173202615,"y":38.39869281045752,"width":52.10311989379085,"height":18.627450980392155,"rotation":0,"rectanglelabels":["aadhar_name"]},"id":"lj6i2-zebo","from_name":"label","to_name":"image","type":"rectanglelabels","origin":"manual"},{"original_width":768,"original_height":543,"image_rotation":0,"value":{"x":59.727966707516345,"y":22.058823529411764,"width":30.152803308823522,"height":43.300653594771234,"rotation":0,"rectanglelabels":["aadhar_qr"]},"id":"gpKMHRheDe","from_name":"label","to_name":"image","type":"rectanglelabels","origin":"manual"}],"was_cancelled":false,"ground_truth":false,"created_at":"2024-09-08T15:46:40.140339Z","updated_at":"2024-09-08T15:46:40.140409Z","draft_created_at":"2024-09-08T15:45:54.650204Z","lead_time":62.576,"prediction":{},"result_count":0,"unique_id":"c52cd278-b5ad-4539-adef-aa11357e20bb","import_id":null,"last_action":null,"task":6,"project":1,"updated_by":1,"parent_prediction":null,"parent_annotation":null,"last_created_by":null}],"file_upload":"927611be-1685848426-1491572231.jpg","drafts":[],"predictions":[],"data":{"image":"\/data\/upload\/1\/927611be-1685848426-1491572231.jpg"},"meta":{},"created_at":"2024-09-08T14:18:32.761019Z","updated_at":"2024-09-08T15:46:40.248740Z","inner_id":6,"total_annotations":1,"cancelled_annotations":0,"total_predictions":0,"comment_count":0,"unresolved_comment_count":0,"last_comment_updated_at":null,"project":1,"updated_by":1,"comment_authors":[]},{"id":7,"annotations":[{"id":7,"completed_by":1,"result":[{"original_width":1059,"original_height":739,"image_rotation":0,"value":{"x":30.672511371561555,"y":71.40522875816998,"width":34.09323754682864,"height":5.392156862745031,"rotation":0,"rectanglelabels":["photo"]},"id":"x5_7lEvxjZ","from_name":"label","to_name":"image","type":"rectanglelabels","origin":"manual"},{"original_width":1059,"original_height":739,"image_rotation":0,"value":{"x":6.499379733007461,"y":24.673202614379086,"width":21.436550698340398,"height":37.908496732026144,"rotation":0,"rectanglelabels":["photo"]},"id":"H7FfjNwOhE","from_name":"label","to_name":"image","type":"rectanglelabels","origin":"manual"},{"original_width":1059,"original_height":739,"image_rotation":0,"value":{"x":28.848124078085753,"y":24.673202614379086,"width":19.156066581495672,"height":8.660130718954242,"rotation":0,"rectanglelabels":["aadhar_name"]},"id":"zOyhlv7A1g","from_name":"label","to_name":"image","type":"rectanglelabels","origin":"manual"},{"original_width":1059,"original_height":739,"image_rotation":0,"value":{"x":51.0828442173218,"y":34.47712418300651,"width":10.946323760854701,"height":3.7581699346405184,"rotation":0,"rectanglelabels":["aadhar_dob"]},"id":"zQW-P6qVyp","from_name":"label","to_name":"image","type":"rectanglelabels","origin":"manual"},{"original_width":1059,"original_height":739,"image_rotation":0,"value":{"x":68.41452350534169,"y":47.712418300653596,"width":18.81399396396897,"height":26.633986928104576,"rotation":0,"rectanglelabels":["aadhar_qr"]},"id":"_XEou4FUs7","from_name":"label","to_name":"image","type":"rectanglelabels","origin":"manual"}],"was_cancelled":false,"ground_truth":false,"created_at":"2024-09-08T15:48:58.683741Z","updated_at":"2024-09-08T16:13:15.899734Z","draft_created_at":"2024-09-08T15:48:16.196327Z","lead_time":68.319,"prediction":{},"result_count":0,"unique_id":"30a38c11-cf19-4788-91bc-7f628a93fbc1","import_id":null,"last_action":null,"task":7,"project":1,"updated_by":1,"parent_prediction":null,"parent_annotation":null,"last_created_by":null}],"file_upload":"cfb406cd-086d820550f34066764f4047ddc263ca-2918230343.jpg","drafts":[],"predictions":[],"data":{"image":"\/data\/upload\/1\/cfb406cd-086d820550f34066764f4047ddc263ca-2918230343.jpg"},"meta":{},"created_at":"2024-09-08T14:18:32.761087Z","updated_at":"2024-09-08T16:13:16.058393Z","inner_id":7,"total_annotations":1,"cancelled_annotations":0,"total_predictions":0,"comment_count":0,"unresolved_comment_count":0,"last_comment_updated_at":null,"project":1,"updated_by":1,"comment_authors":[]},{"id":8,"annotations":[{"id":8,"completed_by":1,"result":[{"original_width":768,"original_height":543,"image_rotation":0,"value":{"x":6.2385110294117645,"y":26.797385620915033,"width":42.052185457516345,"height":39.21568627450979,"rotation":0,"rectanglelabels":["aadhar_address"]},"id":"lUT72wEWZH","from_name":"label","to_name":"image","type":"rectanglelabels","origin":"manual"},{"original_width":768,"original_height":543,"image_rotation":0,"value":{"x":6.931678921568627,"y":71.73202614379085,"width":36.04473039215687,"height":7.189542483660134,"rotation":0,"rectanglelabels":["aadhar_no"]},"id":"vPel91YAUm","from_name":"label","to_name":"image","type":"rectanglelabels","origin":"manual"},{"original_width":768,"original_height":543,"image_rotation":0,"value":{"x":49.792560253267965,"y":69.93464052287578,"width":42.9764093137255,"height":7.18954248366017,"rotation":0,"rectanglelabels":["aadhar_qr"]},"id":"1NHlleaVfw","from_name":"label","to_name":"image","type":"rectanglelabels","origin":"manual"}],"was_cancelled":false,"ground_truth":false,"created_at":"2024-09-08T15:57:11.518750Z","updated_at":"2024-09-08T15:57:11.518812Z","draft_created_at":"2024-09-08T15:49:17.570747Z","lead_time":486.903,"prediction":{},"result_count":0,"unique_id":"6e7ad8b3-24ac-430b-bfef-f40810b00751","import_id":null,"last_action":null,"task":8,"project":1,"updated_by":1,"parent_prediction":null,"parent_annotation":null,"last_created_by":null}],"file_upload":"bad213a4-1697230416-3655248944.jpg","drafts":[],"predictions":[],"data":{"image":"\/data\/upload\/1\/bad213a4-1697230416-3655248944.jpg"},"meta":{},"created_at":"2024-09-08T14:18:32.761155Z","updated_at":"2024-09-08T15:57:11.620914Z","inner_id":8,"total_annotations":1,"cancelled_annotations":0,"total_predictions":0,"comment_count":0,"unresolved_comment_count":0,"last_comment_updated_at":null,"project":1,"updated_by":1,"comment_authors":[]},{"id":9,"annotations":[{"id":9,"completed_by":1,"result":[{"original_width":736,"original_height":552,"image_rotation":0,"value":{"x":4.779411764705882,"y":29.575163398692812,"width":39.09313725490196,"height":14.379084967320257,"rotation":0,"rectanglelabels":["aadhar_address"]},"id":"xBJWg4V5KC","from_name":"label","to_name":"image","type":"rectanglelabels","origin":"manual"},{"original_width":736,"original_height":552,"image_rotation":0,"value":{"x":46.568627450980394,"y":29.575163398692812,"width":42.034313725490186,"height":19.44444444444444,"rotation":0,"rectanglelabels":["aadhar_address"]},"id":"0wSoDf-jSy","from_name":"label","to_name":"image","type":"rectanglelabels","origin":"manual"}],"was_cancelled":false,"ground_truth":false,"created_at":"2024-09-08T15:57:52.493090Z","updated_at":"2024-09-08T15:57:52.493150Z","draft_created_at":"2024-09-08T15:57:43.655524Z","lead_time":35.691,"prediction":{},"result_count":0,"unique_id":"2c64b875-bc47-46f1-b9c2-4b9fb4b6bc05","import_id":null,"last_action":null,"task":9,"project":1,"updated_by":1,"parent_prediction":null,"parent_annotation":null,"last_created_by":null}],"file_upload":"3b860816-9657c12ef773db271f47eba53992a0be-3450511911.jpg","drafts":[],"predictions":[],"data":{"image":"\/data\/upload\/1\/3b860816-9657c12ef773db271f47eba53992a0be-3450511911.jpg"},"meta":{},"created_at":"2024-09-08T14:18:32.761226Z","updated_at":"2024-09-08T15:57:52.595419Z","inner_id":9,"total_annotations":1,"cancelled_annotations":0,"total_predictions":0,"comment_count":0,"unresolved_comment_count":0,"last_comment_updated_at":null,"project":1,"updated_by":1,"comment_authors":[]},{"id":10,"annotations":[{"id":10,"completed_by":1,"result":[{"original_width":1280,"original_height":906,"image_rotation":0,"value":{"x":30.995710784313722,"y":65.52287581699346,"width":30.41743259803922,"height":5.22875816993465,"rotation":0,"rectanglelabels":["aadhar_no"]},"id":"8RMi32MZCF","from_name":"label","to_name":"image","type":"rectanglelabels","origin":"manual"},{"original_width":1280,"original_height":906,"image_rotation":0,"value":{"x":10.64031862745098,"y":30.22875816993464,"width":33.65579044117647,"height":13.071895424836601,"rotation":0,"rectanglelabels":["aadhar_address"]},"id":"VSHQRllFai","from_name":"label","to_name":"image","type":"rectanglelabels","origin":"manual"},{"original_width":1280,"original_height":906,"image_rotation":0,"value":{"x":48.11274509803922,"y":28.75816993464052,"width":33.771446078431374,"height":17.973856209150327,"rotation":0,"rectanglelabels":["aadhar_address"]},"id":"u5qCuNvGjT","from_name":"label","to_name":"image","type":"rectanglelabels","origin":"manual"}],"was_cancelled":false,"ground_truth":false,"created_at":"2024-09-08T15:58:23.898523Z","updated_at":"2024-09-08T16:06:29.170786Z","draft_created_at":"2024-09-08T15:58:11.417494Z","lead_time":510.568,"prediction":{},"result_count":0,"unique_id":"b27f5675-0272-4634-8b5a-dc02c23db0db","import_id":null,"last_action":null,"task":10,"project":1,"updated_by":1,"parent_prediction":null,"parent_annotation":null,"last_created_by":null}],"file_upload":"1cfcd252-6839_351641552201_WhatsAppImage2021-12-31at1.37.31PM-2711329532.jpeg","drafts":[],"predictions":[],"data":{"image":"\/data\/upload\/1\/1cfcd252-6839_351641552201_WhatsAppImage2021-12-31at1.37.31PM-2711329532.jpeg"},"meta":{},"created_at":"2024-09-08T14:18:32.761297Z","updated_at":"2024-09-08T16:06:29.327509Z","inner_id":10,"total_annotations":1,"cancelled_annotations":0,"total_predictions":0,"comment_count":0,"unresolved_comment_count":0,"last_comment_updated_at":null,"project":1,"updated_by":1,"comment_authors":[]},{"id":11,"annotations":[{"id":11,"completed_by":1,"result":[{"original_width":731,"original_height":509,"image_rotation":0,"value":{"x":31.669386110153113,"y":75.58579370218095,"width":34.587770356660634,"height":7.67973856209158,"rotation":353.7881779709917,"rectanglelabels":["aadhar_no"]},"id":"-_Jz8wRXVT","from_name":"label","to_name":"image","type":"rectanglelabels","origin":"manual"},{"original_width":731,"original_height":509,"image_rotation":0,"value":{"x":39.09502448890066,"y":82.83976013212707,"width":30.389333143747955,"height":5.718954248366018,"rotation":353.7881779709908,"rectanglelabels":["photo"]},"id":"vEGd-ywWHn","from_name":"label","to_name":"image","type":"rectanglelabels","origin":"manual"},{"original_width":731,"original_height":509,"image_rotation":0,"value":{"x":8.043103210833019,"y":25.297277014569218,"width":20.820927550226667,"height":35.781845581598596,"rotation":356.47854662307907,"rectanglelabels":["aadhar_name"]},"id":"96cE69GSPa","from_name":"label","to_name":"image","type":"rectanglelabels","origin":"manual"},{"original_width":731,"original_height":509,"image_rotation":0,"value":{"x":32.613489853258486,"y":21.820666692754962,"width":21.16225423137791,"height":3.104575163398697,"rotation":357.20729763428676,"rectanglelabels":["aadhar_name"]},"id":"AoT0pCfnHo","from_name":"label","to_name":"image","type":"rectanglelabels","origin":"manual"},{"original_width":731,"original_height":509,"image_rotation":0,"value":{"x":32.168801385442116,"y":27.616970017514003,"width":27.23933763716354,"height":3.8005267395589986,"rotation":355.1581198874951,"rectanglelabels":["aadhar_name"]},"id":"WH5hrE33TJ","from_name":"label","to_name":"image","type":"rectanglelabels","origin":"manual"},{"original_width":731,"original_height":509,"image_rotation":0,"value":{"x":32.70785425113519,"y":32.122587127777614,"width":30.833176863996865,"height":3.9215686274509927,"rotation":355.532840938611,"rectanglelabels":["aadhar_dob"]},"id":"RAcKHpfZm6","from_name":"label","to_name":"image","type":"rectanglelabels","origin":"manual"}],"was_cancelled":false,"ground_truth":false,"created_at":"2024-09-08T16:10:58.608742Z","updated_at":"2024-09-08T16:10:58.608807Z","draft_created_at":"2024-09-08T16:06:45.757245Z","lead_time":266.829,"prediction":{},"result_count":0,"unique_id":"c7a2e555-75a1-4f63-ac84-00e489ac9d9a","import_id":null,"last_action":null,"task":11,"project":1,"updated_by":1,"parent_prediction":null,"parent_annotation":null,"last_created_by":null}],"file_upload":"a5720ebb-sample_image2.png","drafts":[{"id":13,"user":"concprog@rejuvenate.io","created_username":"concprog@rejuvenate.io, 1","created_ago":"2 minutes","result":[{"original_width":731,"original_height":509,"image_rotation":0,"value":{"x":31.669386110153113,"y":75.58579370218095,"width":34.587770356660634,"height":7.67973856209158,"rotation":353.7881779709917,"rectanglelabels":["aadhar_no"]},"id":"-_Jz8wRXVT","from_name":"label","to_name":"image","type":"rectanglelabels","origin":"manual"},{"original_width":731,"original_height":509,"image_rotation":0,"value":{"x":39.09502448890066,"y":82.83976013212707,"width":30.389333143747955,"height":5.718954248366018,"rotation":353.7881779709908,"rectanglelabels":["photo"]},"id":"vEGd-ywWHn","from_name":"label","to_name":"image","type":"rectanglelabels","origin":"manual"},{"original_width":731,"original_height":509,"image_rotation":0,"value":{"x":8.043103210833019,"y":25.297277014569218,"width":20.820927550226667,"height":35.781845581598596,"rotation":356.47854662307907,"rectanglelabels":["aadhar_name"]},"id":"96cE69GSPa","from_name":"label","to_name":"image","type":"rectanglelabels","origin":"manual"},{"original_width":731,"original_height":509,"image_rotation":0,"value":{"x":32.613489853258486,"y":21.820666692754962,"width":21.16225423137791,"height":3.104575163398697,"rotation":357.20729763428676,"rectanglelabels":["aadhar_name"]},"id":"AoT0pCfnHo","from_name":"label","to_name":"image","type":"rectanglelabels","origin":"manual"},{"original_width":731,"original_height":509,"image_rotation":0,"value":{"x":32.168801385442116,"y":27.616970017514003,"width":27.23933763716354,"height":3.8005267395589986,"rotation":355.1581198874951,"rectanglelabels":["aadhar_name"]},"id":"WH5hrE33TJ","from_name":"label","to_name":"image","type":"rectanglelabels","origin":"manual"},{"original_width":731,"original_height":509,"image_rotation":0,"value":{"x":49.7165965059898,"y":30.214220448581543,"width":13.772607009422732,"height":3.9215686274509927,"rotation":355.532840938611,"rectanglelabels":["aadhar_dob"]},"id":"RAcKHpfZm6","from_name":"label","to_name":"image","type":"rectanglelabels","origin":"manual"}],"lead_time":294.377,"was_postponed":false,"import_id":null,"created_at":"2024-09-08T16:12:39.156757Z","updated_at":"2024-09-08T16:12:54.019987Z","task":11,"annotation":11}],"predictions":[],"data":{"image":"\/data\/upload\/1\/a5720ebb-sample_image2.png"},"meta":{},"created_at":"2024-09-08T14:18:32.761365Z","updated_at":"2024-09-08T16:10:58.715707Z","inner_id":11,"total_annotations":1,"cancelled_annotations":0,"total_predictions":0,"comment_count":0,"unresolved_comment_count":0,"last_comment_updated_at":null,"project":1,"updated_by":1,"comment_authors":[]},{"id":12,"annotations":[{"id":12,"completed_by":1,"result":[{"original_width":1024,"original_height":640,"image_rotation":0,"value":{"x":17.565359477124183,"y":26.47058823529412,"width":18.688725490196077,"height":35.78431372549019,"rotation":0,"rectanglelabels":["photo"]},"id":"cqOX_zUju9","from_name":"label","to_name":"image","type":"rectanglelabels","origin":"manual"},{"original_width":1024,"original_height":640,"image_rotation":0,"value":{"x":36.04983660130719,"y":63.56209150326797,"width":28.084150326797385,"height":5.228758169934643,"rotation":0,"rectanglelabels":["aadhar_no"]},"id":"5s11QM85Hp","from_name":"label","to_name":"image","type":"rectanglelabels","origin":"manual"},{"original_width":1024,"original_height":640,"image_rotation":0,"value":{"x":37.07107843137255,"y":26.797385620915033,"width":15.216503267973863,"height":8.169934640522872,"rotation":0,"rectanglelabels":["aadhar_name"]},"id":"mEC4s_Wnsp","from_name":"label","to_name":"image","type":"rectanglelabels","origin":"manual"},{"original_width":1024,"original_height":640,"image_rotation":0,"value":{"x":55.04493464052287,"y":36.11111111111104,"width":10.620915032679763,"height":4.084967320261436,"rotation":0,"rectanglelabels":["aadhar_dob"]},"id":"NOazJ5814C","from_name":"label","to_name":"image","type":"rectanglelabels","origin":"manual"}],"was_cancelled":false,"ground_truth":false,"created_at":"2024-09-08T16:12:23.666500Z","updated_at":"2024-09-08T16:12:23.666560Z","draft_created_at":"2024-09-08T16:11:36.315407Z","lead_time":60.587,"prediction":{},"result_count":0,"unique_id":"6febbdbb-6a23-4e12-a42a-41c3ba79a2dc","import_id":null,"last_action":null,"task":12,"project":1,"updated_by":1,"parent_prediction":null,"parent_annotation":null,"last_created_by":null}],"file_upload":"021a9c34-sample_image1.jpg","drafts":[],"predictions":[],"data":{"image":"\/data\/upload\/1\/021a9c34-sample_image1.jpg"},"meta":{},"created_at":"2024-09-08T14:18:32.761432Z","updated_at":"2024-09-08T16:12:23.779090Z","inner_id":12,"total_annotations":1,"cancelled_annotations":0,"total_predictions":0,"comment_count":0,"unresolved_comment_count":0,"last_comment_updated_at":null,"project":1,"updated_by":1,"comment_authors":[]}]